Player Name,Team,Position,Year,GP,GS,MIN,PTS,FGM,FGA,FG%,3PM,3PA,3P%,FTM,FTA,FT%,REB,OREB,AST,STL,BLK,PF,TO,+/-,DD,TD,POTG,PER,TS%,EFG%
Polan Stronk,Los Angeles Stars,SG,7,82,82,16.0,25.6,11.1,14.5,76.5,2.9,4.3,67.7,0.5,0.5,100,1.0,0.2,1.1,0.7,0.2,0.4,0.7,19.8,0,0,23,65.6,86.8,86.4
Sham Morant,Houston Cosmos,G,2,82,82,21.6,22.8,9.4,17.3,54.6,3.1,5.9,53.8,0.8,0.8,100,2.9,0.6,0.1,0.5,0.5,0.4,0.9,7.2,0,0,27,35.2,64.8,63.7
Daniel Pillay,San Antonio Sheriffs,G,13,82,82,21.0,19.7,8.6,18.7,46.1,1.9,5.3,35.7,0.6,1.0,62.5,2.5,0.6,0.4,0.6,0.2,0.3,1.2,-6.7,0,0,10,23.5,51.7,51.2
Jay Gray,Detroit Drift,G,17,82,82,20.4,19.4,8.5,18.0,47.0,2.1,5.1,40.8,0.4,0.5,89.5,2.3,0.5,0.1,0.5,0.2,0.4,1.2,-5.2,0,0,11,24.1,53.3,52.8
Conrad Schulz,Brooklyn Ballers,G,13,82,82,19.9,17.7,7.2,15.6,46.4,2.5,5.5,44.8,0.7,1.0,69.4,4.8,0.4,2.2,0.9,0.4,0.3,0.9,-5.2,1,0,20,30.9,55.0,54.3
Karl Shanidan,Dallas Knights,F,2,55,55,17.6,17.6,8.5,14.2,59.5,0.4,1.7,25.0,0.2,0.5,48.0,7.7,1.6,0.6,1.0,1.3,0.2,0.9,-0.7,12,0,15,43.0,60.9,61.0
Landon Curry,Utah Summit,G,R,82,82,17.5,16.9,7.3,13.0,55.7,1.8,3.9,46.5,0.6,0.6,100,3.9,0.7,0.4,0.5,0.6,0.4,0.8,4.4,2,0,13,34.6,63.7,62.6
Andre Romero,Cleveland Gladiators,G,17,77,77,20.4,16.4,7.1,17.5,40.8,1.6,4.6,34.4,0.6,0.9,58.9,1.8,0.3,0.1,0.5,0.2,0.5,1.0,-9.3,0,0,3,15.5,45.8,45.3
Martin Wright,Oklahoma City Outlaws,G,11,82,82,19.6,16.3,7.0,14.4,48.9,1.7,4.7,36.9,0.5,0.8,68.8,6.5,0.5,0.0,1.4,0.7,0.3,0.9,-3.8,12,0,21,29.6,55.5,54.9
Zane Cruz,Chicago Blues,G,4,82,82,20.0,15.8,6.2,11.9,52.5,2.8,5.4,51.5,0.6,0.6,100,3.9,0.8,7.6,0.9,0.6,0.4,0.7,5.7,11,0,41,42.9,65.3,64.1
Tyler Gaines,New Orleans Airmen,G,3,82,82,15.5,15.8,6.6,11.0,60.5,1.9,3.4,57.5,0.6,0.6,100,3.2,0.5,0.7,0.4,0.8,0.3,0.8,10.1,0,0,12,39.4,70.3,69.3
Anthony Bridges,New York Empire,SF,16,82,82,16.9,15.6,6.5,12.5,51.8,1.9,4.1,45.4,0.8,0.8,100,6.0,1.0,1.9,0.6,0.7,0.3,0.7,11.0,10,0,27,38.5,60.6,59.2
Carlos Machado,Toronto Towers,G,8,43,43,23.4,15.5,6.6,17.8,36.9,2.1,6.3,33.5,0.3,0.7,36.7,3.3,0.7,2.6,0.8,0.3,0.5,0.9,-9.4,0,0,7,16.8,42.8,42.8
Jack Cole,New Orleans Airmen,F,R,62,62,22.7,14.9,7.1,12.7,56.1,0.4,1.5,28.0,0.3,0.5,48.5,7.5,1.3,0.1,0.9,2.2,0.3,0.7,11.0,11,0,14,28.9,57.7,57.7
Emmius One,Atlanta Talons,G,2,67,67,22.3,14.8,5.7,12.9,44.2,2.4,5.3,44.9,1.0,1.1,98.6,6.0,1.1,7.4,1.6,1.3,0.4,0.8,10.7,21,2,32,37.7,55.5,53.4
Ray Norton,Charlotte Stingers,G,18,82,82,21.2,14.4,5.9,16.6,35.5,1.9,6.0,32.1,0.6,1.3,50.0,4.3,0.4,1.7,0.9,0.2,0.4,0.9,-10.7,1,0,10,15.8,41.8,41.3
Carl Joseph,Los Angeles Stars,G,14,82,82,17.3,14.4,5.5,9.8,56.5,2.9,4.3,67.6,0.4,0.4,100,2.6,0.4,14.2,1.1,0.6,0.3,0.6,19.6,58,0,41,61.4,71.9,71.2
Neil Hale,Milwaukee Spartans,G,17,85,85,20.5,13.8,5.8,15.2,38.0,1.8,5.1,34.4,0.6,1.1,49.0,4.0,0.5,3.1,0.7,0.2,0.5,1.0,-7.2,0,0,11,19.2,44.1,43.8
Caleb White,Atlanta Talons,F,R,82,82,18.1,13.7,6.6,11.0,59.8,0.3,0.9,28.6,0.3,0.6,44.0,8.7,1.7,0.6,0.6,1.5,0.3,0.7,8.0,26,0,19,36.1,60.8,61.1
Walter Yensid,Chicago Blues,G,17,82,82,17.6,13.7,5.9,13.0,45.1,1.3,3.5,38.2,0.6,0.7,80.0,1.5,0.3,0.0,0.9,0.2,0.4,0.8,4.4,0,0,4,20.0,51.2,50.2
Rlo Joe,Washington Agents,G,R,82,82,16.6,13.7,5.7,12.0,47.9,1.5,3.5,42.8,0.8,0.8,98.5,3.9,0.6,0.6,0.4,0.7,0.3,0.7,8.0,1,0,7,27.7,55.7,54.0
Clayton Murphy,Minnesota Sabers,G,15,82,82,18.0,13.5,6.0,13.6,44.3,1.0,3.5,27.2,0.5,0.7,74.1,4.5,0.8,2.9,0.7,0.6,0.3,0.9,-5.0,0,0,11,26.8,48.7,47.8
Sean McDonald,Minnesota Sabers,G,12,82,82,22.2,13.3,5.6,14.5,38.6,1.6,4.5,36.2,0.4,0.6,70.8,6.8,0.7,3.6,1.1,0.5,0.4,0.9,-5.6,12,0,13,22.6,44.9,44.2
Tone Show,Boston Charms,F,6,82,82,21.6,13.0,5.5,13.3,41.6,1.3,3.8,35.0,0.6,0.7,86.0,6.4,1.3,0.1,0.9,1.7,0.3,0.5,3.9,11,0,14,21.9,47.8,46.6
Nicholas Morrow,Orlando Orbiters,G,14,82,67,17.2,12.8,5.3,13.7,39.0,1.5,4.3,34.9,0.6,0.8,75.4,3.1,0.4,0.7,0.4,0.2,0.3,0.7,-8.1,0,0,4,17.5,45.6,44.6
Rajah Rose,Portland Roses,G,6,82,67,12.8,12.6,5.5,9.9,55.3,1.1,2.6,41.3,0.5,0.5,100,1.1,0.2,0.0,0.2,0.2,0.3,0.6,3.6,0,0,7,29.4,61.9,60.7
Dizzy Michaels,Washington Agents,G,4,82,82,17.0,12.4,5.1,11.2,46.0,1.5,3.6,42.7,0.6,0.6,96.1,6.5,1.2,7.9,0.9,1.2,0.4,0.6,7.3,19,1,47,45.4,54.2,52.8
Zahir Catlett,Indiana Overdrive,G,2,63,63,14.8,12.3,5.4,10.2,53.4,1.0,2.7,36.0,0.5,0.6,78.9,2.2,0.3,0.0,0.5,0.4,0.4,0.7,8.0,0,0,8,26.6,59.1,58.3
Pres Manu,Boston Charms,F,3,82,82,21.5,12.3,5.2,12.9,40.2,1.3,3.9,33.9,0.6,0.7,91.2,8.1,1.4,0.8,0.7,0.9,0.4,0.9,3.7,22,0,16,20.4,46.6,45.3
Jamie Spencer,Phoenix Firebirds,G,5,82,82,17.5,12.3,4.8,10.3,46.9,2.2,4.3,52.3,0.4,0.4,100,3.8,0.7,7.4,0.8,0.8,0.4,0.7,7.2,5,0,24,39.6,58.7,57.8
Antony King,San Francisco Quakes,F,3,82,82,15.7,12.2,5.2,10.5,49.8,1.0,2.9,35.3,0.7,0.7,100,5.4,0.9,0.4,0.3,0.6,0.4,0.6,5.2,3,0,11,28.2,56.3,54.6
Terrance Stafford,Miami Tides,C,2,82,82,17.2,12.1,5.7,11.9,47.9,0.4,2.0,21.6,0.2,0.5,47.5,9.3,1.6,0.1,0.3,0.9,0.4,0.4,0.9,29,0,10,27.6,49.8,49.7
Hugh Randall,Sacramento Royals,G,5,82,82,23.3,11.9,5.5,12.4,44.0,0.6,2.5,22.0,0.4,0.8,53.1,4.6,0.7,0.0,1.2,0.4,0.4,0.9,-13.6,6,0,1,15.0,46.6,46.3
Jason Terry,Philadelphia Founders,G,10,82,82,17.7,11.6,5.0,11.9,41.7,1.3,3.7,33.9,0.4,0.6,71.4,5.9,1.3,3.5,0.9,0.5,0.3,0.8,-7.0,8,0,8,28.0,47.8,47.0
Aaron Ford,San Diego Surf,G,4,82,82,16.8,11.5,5.0,11.1,45.0,1.3,3.0,41.4,0.3,0.4,80.6,5.1,1.0,8.7,0.9,0.7,0.4,0.6,4.3,21,3,20,42.1,51.3,50.7
Joey Bas,New Orleans Airmen,G,6,82,82,15.8,11.5,4.7,9.2,50.8,1.7,3.5,47.1,0.5,0.5,100,5.5,1.0,7.2,0.8,0.9,0.2,0.6,8.8,11,0,28,46.2,60.9,59.8
Harold Baldwin,Minnesota Sabers,G,12,51,0,9.9,11.5,5.2,8.8,58.9,0.5,1.6,32.1,0.6,0.6,100,1.2,0.2,1.4,0.2,0.1,0.2,0.4,0.1,0,0,0,42.5,63.3,61.9
RJ Irving,Indiana Overdrive,G,2,82,82,16.7,11.4,4.6,9.0,51.2,1.8,3.4,53.2,0.4,0.4,100,4.0,0.7,8.9,0.5,0.6,0.3,0.5,7.7,16,0,33,44.3,62.4,61.4
Beef Jerkey,Phoenix Firebirds,C,3,82,82,14.5,11.0,5.2,9.8,53.2,0.4,1.8,21.2,0.3,0.5,52.5,8.4,1.7,0.7,0.4,1.2,0.2,0.6,5.0,13,0,11,35.7,55.3,55.2
Riccardo Buzzoni,San Diego Surf,G,3,82,0,11.3,11.0,4.6,8.3,55.2,1.4,2.8,50.9,0.4,0.4,100,1.6,0.4,0.0,0.3,0.2,0.2,0.5,5.1,0,0,1,32.8,64.8,63.7
Adobo Flakes,Miami Tides,F,4,82,82,15.9,11.0,5.0,10.3,48.6,0.5,2.3,23.3,0.4,0.7,58.2,7.6,1.5,1.3,0.6,1.7,0.3,0.5,1.1,12,0,5,33.0,51.7,51.2
Darth Jor-El,San Francisco Quakes,C,6,82,82,15.0,10.9,5.1,9.3,55.4,0.3,1.4,24.3,0.3,0.5,56.8,9.1,1.8,0.9,0.5,1.6,0.3,0.3,6.2,21,0,26,38.8,57.3,57.2
Dominique Jakobs,San Diego Surf,G,1,82,82,16.3,10.6,4.9,10.0,49.0,0.5,2.2,22.0,0.3,0.4,58.3,7.7,1.6,3.8,0.9,1.1,0.3,0.5,4.9,18,3,24,36.9,51.7,51.4
Jerami Junior,New York Empire,SG,1,67,14,13.8,10.6,4.4,8.8,49.7,1.5,3.3,46.4,0.3,0.3,90.0,1.4,0.2,0.1,0.6,0.5,0.4,0.7,8.7,0,0,1,23.9,59.0,58.4
Just Jaos,San Francisco Quakes,G,16,82,82,15.3,10.5,4.3,9.0,47.5,1.7,3.4,50.0,0.3,0.3,100,2.9,0.5,3.3,0.8,0.6,0.2,0.6,6.3,0,0,5,32.0,57.7,57.0
Deâ€™Aaron Jackson,Atlanta Talons,F,1,82,0,11.6,10.4,4.6,8.5,53.4,0.9,2.4,37.4,0.4,0.4,100,3.1,0.5,0.1,0.1,0.2,0.1,0.3,6.1,0,0,3,30.9,59.6,58.6
Tyrone Cannon,San Antonio Sheriffs,G,9,82,82,14.4,10.3,4.2,9.7,43.2,1.6,4.0,40.4,0.3,0.8,42.2,2.8,0.6,0.3,0.5,0.4,0.3,0.6,-4.0,0,0,4,20.9,51.3,51.4
Melo Hayes,Washington Agents,C,4,82,82,14.9,10.3,5.0,8.1,61.6,0.1,0.7,22.2,0.1,0.4,35.5,7.4,1.1,0.2,0.3,1.2,0.3,0.4,7.5,10,0,4,33.4,62.1,62.5
Kaydin Hutchinson,New York Empire,G,R,82,48,16.4,10.3,4.4,10.3,43.0,0.9,2.9,31.5,0.5,0.7,71.2,4.3,0.8,8.6,0.7,0.6,0.3,0.6,9.7,20,3,20,37.9,48.4,47.4
Jesus James,Los Angeles Stars,FC,6,82,82,14.9,10.1,4.2,8.4,50.1,1.2,2.6,46.5,0.5,0.5,100,7.1,1.3,0.4,0.5,1.1,0.2,0.4,17.9,10,0,2,31.9,58.8,57.5
Kacey Cunningham,Memphis Rockers,G,8,57,45,17.7,10.1,4.3,11.8,36.2,1.1,3.8,27.4,0.5,0.5,90.3,3.9,0.9,3.7,0.5,0.2,0.4,0.7,-8.9,1,0,2,19.6,41.9,40.6
Jason Garcia,Boston Charms,G,6,63,63,15.7,10.0,4.0,8.6,46.5,1.7,3.7,46.3,0.3,0.3,95.2,3.9,0.8,3.5,0.7,0.5,0.4,0.6,5.1,0,0,3,30.9,57.2,56.4
Koby Williams,Indiana Overdrive,F,1,82,82,15.4,10.0,4.4,9.3,47.6,0.7,2.2,33.5,0.4,0.6,66.7,6.5,1.1,1.0,0.6,1.1,0.3,0.5,8.7,6,0,7,29.0,52.2,51.5
George Georgeson,Utah Summit,F,3,82,51,17.5,10.0,4.4,11.2,39.1,0.8,2.8,28.6,0.4,0.6,76.1,5.5,1.0,2.0,0.5,1.0,0.4,0.7,3.4,5,0,8,20.4,43.6,42.7
Jay Garner,Memphis Rockers,F,R,82,82,21.8,9.8,4.2,13.6,31.0,0.8,3.5,23.7,0.6,1.1,53.3,8.5,2.3,0.6,0.4,1.1,0.3,0.6,-11.7,16,0,5,13.2,35.0,34.1
Elijah Rose,Boston Charms,C,3,82,82,14.6,9.8,4.4,9.3,47.4,0.7,2.2,33.3,0.2,0.3,63.0,7.7,1.6,0.3,0.5,0.9,0.2,0.4,2.2,12,0,3,29.5,51.7,51.4
Marcus Damian,Phoenix Firebirds,F,5,76,76,19.4,9.8,4.6,10.0,46.1,0.5,2.0,23.3,0.2,0.3,48.0,10.2,1.8,1.7,0.6,1.5,0.3,0.4,10.1,25,0,18,27.3,48.5,48.4
Glenn Mantha,Sacramento Royals,C,14,82,82,17.7,9.7,4.4,11.9,37.2,0.6,2.3,25.7,0.3,0.8,35.4,8.5,2.3,6.0,0.3,0.8,0.4,0.6,-10.3,22,1,10,29.2,39.6,39.6
Joshua Owens,Utah Summit,F,3,82,82,17.3,9.7,4.2,10.0,41.8,1.0,3.1,31.7,0.4,0.6,59.2,7.7,1.6,2.0,0.7,1.4,0.2,0.5,4.7,13,0,16,27.5,47.2,46.7
Jordan Covington,Boston Charms,G,3,82,19,11.7,9.6,3.9,8.0,48.5,1.7,3.2,52.3,0.2,0.2,100,1.2,0.3,0.0,0.3,0.2,0.3,0.5,1.5,0,0,1,24.1,59.7,58.9
Tommy Dunn,Toronto Towers,G,R,82,82,14.6,9.6,4.4,9.4,47.3,0.5,1.9,26.0,0.2,0.5,47.5,5.3,0.8,3.0,0.8,0.3,0.2,0.6,-3.9,4,0,8,30.1,50.0,49.9
Fred Fredericks,Miami Tides,G,6,81,63,18.9,9.6,3.7,10.2,36.5,1.4,3.7,38.5,0.7,0.8,83.1,4.0,0.8,6.1,0.8,0.7,0.5,0.4,-0.4,5,0,11,26.2,45.2,43.5
Maz Romeo,Portland Roses,G,R,82,82,15.6,9.5,4.0,8.9,44.9,1.2,3.1,37.7,0.3,0.4,84.4,7.0,1.3,5.6,0.8,0.9,0.3,0.5,4.7,10,1,30,38.7,52.4,51.6
Rhys Kaneko,Utah Summit,F,5,82,31,13.6,9.5,4.6,8.5,53.6,0.2,1.3,16.3,0.1,0.3,31.8,4.7,0.9,1.4,0.6,0.7,0.2,0.4,0.8,2,0,6,31.2,54.6,54.9
Tyler Richards,Orlando Orbiters,G,15,47,47,13.8,9.4,4.0,10.1,39.7,1.1,2.8,40.2,0.3,0.6,48.3,3.0,0.3,0.7,0.4,0.1,0.1,0.5,-4.9,1,0,3,18.0,45.6,45.3
Car Lo,San Francisco Quakes,F,5,82,82,16.8,9.4,4.1,10.3,39.8,0.8,2.9,28.2,0.4,0.5,80.0,7.4,1.6,1.8,0.7,1.9,0.2,0.6,5.5,6,0,14,27.2,44.8,43.7
Thomas Shoffner,Indiana Overdrive,F,13,82,82,15.0,9.4,4.1,8.8,47.2,0.7,2.1,31.8,0.5,0.5,88.6,6.2,1.2,3.1,0.6,1.2,0.4,0.4,6.9,2,0,9,33.9,52.3,51.0
Lo Bot,Houston Cosmos,F,3,82,82,14.1,9.4,3.8,8.5,44.9,1.2,3.1,38.2,0.6,0.6,100,5.3,0.9,1.2,0.4,0.8,0.2,0.4,4.9,1,0,2,28.2,53.6,51.8
Clyde Coleman,Sacramento Royals,F,9,82,82,21.9,9.4,4.0,12.2,32.5,0.8,3.3,25.4,0.6,0.8,75.0,8.6,1.8,0.5,0.4,1.1,0.3,0.7,-14.2,14,0,3,13.4,37.3,36.0
Olo Fresh,Houston Cosmos,G,3,82,82,19.2,9.3,3.8,10.3,37.2,1.1,3.3,34.4,0.5,0.6,88.2,4.7,0.8,10.7,1.0,1.0,0.3,0.7,6.5,25,1,21,34.5,44.2,42.7
Lamarr Chambers,San Diego Surf,F,6,82,82,14.7,9.3,4.0,9.2,43.4,1.0,2.8,35.4,0.4,0.4,96.7,4.6,0.8,1.1,0.5,0.9,0.4,0.5,4.7,0,0,3,24.7,49.9,48.8
Papa John,Houston Cosmos,C,1,82,82,14.3,9.2,4.0,8.9,45.6,0.9,2.5,36.1,0.2,0.3,73.1,5.9,1.0,0.9,0.5,0.8,0.3,0.5,5.5,3,0,1,26.8,51.1,50.6
Johnny O'Neal,Oklahoma City Outlaws,F,9,82,82,21.6,9.1,4.0,12.9,30.6,0.9,3.2,27.3,0.3,0.6,57.1,8.6,2.1,0.2,0.5,0.9,0.3,0.7,-4.9,22,0,10,11.6,34.6,33.9
Edward Terry,Cleveland Gladiators,F,14,45,45,23.0,9.1,3.8,14.5,26.3,1.3,4.5,28.1,0.2,0.8,29.4,4.9,1.6,2.0,0.1,0.6,0.6,0.7,-11.4,3,0,0,5.8,30.7,30.6
Phillip Barton,Detroit Drift,F,14,82,82,20.9,9.1,3.9,11.7,33.3,0.9,3.3,28.5,0.3,0.7,50.9,9.3,1.9,0.7,0.4,1.1,0.2,0.5,-4.8,17,0,6,15.5,37.8,37.3
Guy Chug,New York Empire,G,5,82,68,14.3,9.0,3.6,7.8,46.2,1.5,3.2,46.0,0.3,0.3,100,2.9,0.6,4.4,0.7,0.5,0.2,0.6,8.2,2,0,7,32.8,56.7,55.6
Cacio Way,Denver Miners,F,11,82,70,15.7,9.0,3.9,10.2,38.1,0.9,3.1,29.1,0.4,0.5,73.3,1.8,0.3,3.0,0.4,0.2,0.3,0.6,0.3,1,0,6,17.8,43.4,42.5
Alpha Imagine,San Diego Surf,F,1,82,82,17.0,9.0,4.0,9.0,44.1,0.7,2.2,30.9,0.3,0.5,62.2,3.7,0.7,0.0,0.9,1.1,0.3,0.5,4.5,1,0,0,19.1,48.4,47.8
King FlxmeGxd,Atlanta Talons,G,2,82,82,15.6,9.0,3.6,8.7,41.0,1.4,3.4,42.2,0.4,0.4,97.1,3.6,0.6,6.8,0.7,0.6,0.3,0.5,6.2,7,0,4,34.1,50.4,49.2
Roger Holt,Charlotte Stingers,G,17,82,82,15.4,9.0,3.8,10.7,35.4,1.0,3.1,31.5,0.4,0.6,58.0,1.9,0.4,1.0,0.4,0.1,0.2,0.7,-9.0,0,0,1,11.5,40.6,40.0
Alvin Graham,Memphis Rockers,G,7,82,82,18.0,9.0,3.8,10.8,34.9,1.2,4.5,26.7,0.2,0.5,39.5,3.3,0.5,0.9,0.2,0.6,0.3,0.7,-10.2,0,0,0,11.2,40.5,40.4
Dean Wilcox,Toronto Towers,G,5,82,39,15.4,9.0,4.0,9.5,41.6,0.7,2.4,29.0,0.3,0.7,44.8,3.6,0.5,0.7,1.0,0.7,0.3,0.5,-3.8,1,0,7,19.6,45.4,45.2
Daren Scorpio,Phoenix Firebirds,G,5,82,82,14.1,8.9,3.8,8.5,44.4,1.1,2.8,39.3,0.3,0.3,84.6,1.1,0.2,0.0,0.7,0.5,0.3,0.5,5.8,0,0,0,18.0,51.6,50.9
Jon Rahm,Atlanta Talons,G,6,82,15,14.2,8.8,3.5,7.7,45.7,1.6,3.4,46.5,0.2,0.3,95.2,2.3,0.5,4.7,0.6,0.5,0.4,0.5,7.2,1,0,3,32.6,56.7,55.9
Jordan Frazier,Portland Roses,F,8,82,82,16.5,8.8,3.6,8.8,41.6,1.1,3.1,36.8,0.4,0.4,100,4.8,0.7,0.1,0.5,1.0,0.3,0.4,5.0,0,0,2,19.3,49.2,48.1
Hanamichi Sakuragi,Los Angeles Stars,PF,13,82,82,15.6,8.7,4.2,7.3,57.6,0.0,0.5,10.8,0.2,0.4,42.4,8.7,1.4,0.7,0.4,0.9,0.3,0.4,18.9,13,0,5,29.8,57.7,58.0
Olivier Fournier,Brooklyn Ballers,F,9,82,82,20.1,8.6,3.7,10.9,33.7,0.8,2.9,28.6,0.5,0.6,69.8,10.7,2.3,0.7,0.4,1.4,0.3,0.6,-5.2,21,0,5,18.3,38.5,37.4
Damin Colb,San Diego Surf,C,1,82,24,13.9,8.6,4.1,7.4,55.4,0.3,0.9,31.1,0.1,0.4,31.0,6.4,1.0,0.3,0.2,0.9,0.2,0.3,5.7,16,0,7,28.6,56.9,57.3
Bobo Bones,Denver Miners,C,5,82,82,15.3,8.5,3.8,9.1,41.7,0.7,2.3,30.3,0.2,0.3,65.4,6.9,1.2,0.1,0.5,1.1,0.2,0.5,0.0,6,0,7,21.9,45.9,45.4
Rusty Parent,Boston Charms,G,12,82,82,15.8,8.5,3.2,8.1,39.7,1.3,3.1,42.0,0.7,0.7,100,4.3,0.8,7.5,0.5,0.3,0.3,0.5,2.5,7,1,12,33.4,50.1,47.8
TJ Marshall,Portland Roses,F,2,82,82,14.0,8.3,3.4,7.7,43.6,1.2,2.7,43.7,0.4,0.4,100,5.4,0.8,0.7,0.4,1.1,0.3,0.4,4.3,1,0,5,25.5,52.6,51.3
Francisco Gerbi,New Orleans Airmen,F,7,82,82,14.4,8.3,3.5,8.1,42.8,1.0,2.7,37.3,0.3,0.3,100,5.3,0.9,1.3,0.8,1.3,0.3,0.3,8.6,0,0,0,27.3,50.0,49.0
Roger Chambers,Oklahoma City Outlaws,F,16,82,82,12.4,8.3,3.7,9.8,37.9,0.7,2.4,28.6,0.2,0.4,38.9,4.8,1.4,1.9,0.2,0.4,0.2,0.6,-2.1,0,0,0,22.7,41.5,41.5
Lamarcus Howard,Washington Agents,F,4,82,82,15.7,8.3,3.5,8.7,40.8,0.8,2.6,32.7,0.3,0.6,53.8,6.2,1.3,1.0,0.6,0.9,0.2,0.5,7.2,4,0,4,22.5,46.1,45.7
Joe Barber,Dallas Knights,F,16,82,82,19.2,8.3,3.7,11.8,31.4,0.7,2.7,24.4,0.2,0.5,41.5,7.4,1.8,0.5,0.3,0.9,0.3,0.6,-8.8,9,0,3,11.5,34.4,34.2
Dan Glisack,Indiana Overdrive,C,4,82,82,13.4,8.2,4.0,7.0,56.7,0.2,0.9,20.8,0.1,0.2,38.9,7.8,1.2,0.1,0.3,1.1,0.2,0.3,7.7,10,0,4,31.3,57.8,58.0
Jeff Marsh,Cleveland Gladiators,G,R,82,82,16.0,8.2,3.4,8.8,38.2,1.1,3.1,35.4,0.3,0.6,50.0,4.7,0.8,0.7,0.6,0.2,0.3,0.5,-8.4,0,0,3,16.2,44.9,44.5
John Poland,Houston Cosmos,F,5,82,81,15.7,8.1,3.8,7.9,48.1,0.3,1.4,22.5,0.2,0.4,48.4,7.0,1.5,0.5,0.8,1.2,0.4,0.4,5.0,5,0,3,26.1,50.2,50.1
Gozie Nwosu,Chicago Blues,F,6,82,82,15.7,8.0,3.5,8.7,40.1,0.6,2.2,27.3,0.3,0.5,75.7,7.8,1.4,0.5,0.8,1.0,0.3,0.4,2.7,10,0,4,23.0,44.5,43.6
Darryl Stevenson,Indiana Overdrive,G,7,82,0,10.8,8.0,3.2,6.9,46.4,1.0,2.4,43.0,0.5,0.5,95.0,1.1,0.2,0.0,0.5,0.3,0.1,0.5,5.1,0,0,1,21.8,55.6,54.0
Emad Hamad,Charlotte Stingers,C,12,82,82,17.1,7.9,3.7,10.1,36.3,0.4,1.9,18.7,0.3,0.6,47.8,10.5,2.3,0.9,0.5,1.1,0.3,0.5,-9.5,12,0,3,21.6,38.4,38.0
Zay Kyten,Denver Miners,G,2,82,82,13.1,7.9,3.1,8.4,36.8,1.3,3.3,37.9,0.5,0.6,85.1,2.4,0.6,6.9,0.4,0.5,0.3,0.5,0.8,5,0,11,33.8,45.9,44.3
W.R Asher,Atlanta Talons,F,3,82,82,14.0,7.9,3.5,7.7,44.8,0.8,2.1,35.4,0.3,0.3,84.0,5.1,1.0,0.6,0.5,0.9,0.3,0.5,7.5,2,0,1,23.8,50.5,49.8
Jamon Alexander,Portland Roses,C,15,82,0,10.4,7.9,3.4,6.9,49.2,0.6,1.9,32.1,0.4,0.5,94.7,4.2,0.8,0.1,0.2,0.5,0.1,0.3,4.6,0,0,2,29.1,55.2,53.7
Jay Xeno,Miami Tides,G,1,41,37,16.4,7.9,3.2,9.0,35.9,1.0,3.2,32.3,0.3,0.5,65.0,3.6,0.8,4.0,0.5,0.7,0.5,0.6,-2.1,0,0,1,21.0,42.5,41.8
Sunny Yadav,Milwaukee Spartans,G,15,82,54,13.0,7.8,3.3,9.3,34.9,1.0,3.1,31.3,0.3,0.6,56.0,2.1,0.5,2.2,0.4,0.1,0.2,0.5,-7.8,0,0,1,16.4,40.8,40.1
Arnold Banks,Orlando Orbiters,G,2,82,53,13.2,7.8,3.2,9.0,36.0,1.2,3.4,34.9,0.2,0.6,28.3,5.2,0.7,0.1,0.4,0.4,0.3,0.5,-7.4,7,0,2,16.2,42.2,42.5
Johnny Lynch,San Antonio Sheriffs,C,10,82,82,18.1,7.7,3.6,10.0,36.2,0.2,1.3,18.3,0.1,0.3,50.0,10.7,2.3,1.4,0.5,1.0,0.2,0.4,-6.6,19,0,8,21.4,37.6,37.4
Marcus San Pedro,Denver Miners,F,2,82,82,13.9,7.6,3.1,7.8,40.0,1.0,2.4,39.4,0.4,0.4,97.1,6.4,1.3,0.3,0.5,1.0,0.1,0.5,-0.5,4,0,6,23.7,47.5,46.0
Edward Pearson,Minnesota Sabers,C,17,82,82,17.0,7.5,3.5,9.4,36.8,0.4,1.7,22.6,0.2,0.5,40.5,7.8,1.8,1.8,0.3,0.8,0.3,0.4,-4.8,7,0,3,19.3,39.0,38.8
Luka Kolar,Cleveland Gladiators,C,10,82,69,17.9,7.5,3.5,9.5,37.0,0.3,1.4,17.8,0.2,0.5,42.2,10.6,2.0,1.5,0.5,0.9,0.3,0.4,-7.5,20,0,10,21.1,38.6,38.4
Captain Price,Miami Tides,F,4,82,64,15.5,7.5,3.3,8.4,39.0,0.7,2.2,30.6,0.2,0.4,60.6,5.4,1.0,2.3,0.6,1.1,0.3,0.5,0.9,2,0,5,22.5,43.6,43.0
Marcus Smith,San Diego Surf,C,3,58,58,14.4,7.4,3.6,7.6,47.7,0.2,0.9,16.7,0.0,0.2,22.2,7.7,1.5,0.1,0.2,1.1,0.1,0.4,4.2,2,0,3,23.9,48.5,48.8
Adrian Ballard,Cleveland Gladiators,F,13,82,82,15.6,7.4,3.2,9.6,33.4,0.8,3.0,26.2,0.3,0.6,43.8,6.1,1.7,3.3,0.2,0.6,0.3,0.4,-8.1,4,0,4,20.9,37.8,37.5
Miguel Ayala,Milwaukee Spartans,F,16,82,82,17.3,7.4,3.1,10.8,29.1,0.9,3.4,26.4,0.2,0.6,37.7,5.6,1.2,0.1,0.3,0.6,0.3,0.5,-10.6,0,0,4,8.3,33.5,33.3
Tobias Miller,New York Empire,F,4,82,36,13.0,7.4,3.2,7.3,44.1,0.6,2.1,29.9,0.3,0.4,84.4,5.4,0.8,0.7,0.6,1.0,0.2,0.3,6.4,1,0,1,25.9,49.5,48.4
Marc Cook,Memphis Rockers,C,9,82,82,15.8,7.3,3.4,9.5,35.9,0.3,1.5,20.3,0.2,0.4,44.4,9.4,2.1,1.4,0.5,1.1,0.3,0.4,-8.2,12,0,5,22.3,37.7,37.5
Todd Cohen,Milwaukee Spartans,G,15,57,21,12.8,7.3,3.2,9.0,36.0,0.6,2.4,23.7,0.2,0.4,52.0,1.6,0.5,0.1,0.1,0.2,0.2,0.5,-7.7,0,0,0,8.3,39.5,39.1
James Ketch,Phoenix Firebirds,F,3,82,0,11.8,7.3,2.9,7.1,40.7,0.9,2.6,36.2,0.5,0.6,93.6,3.0,0.6,0.6,0.4,0.8,0.2,0.5,5.6,0,0,1,22.3,49.3,47.3
Sami Bouzid,Detroit Drift,F,14,82,82,17.1,7.3,3.2,9.5,33.4,0.7,2.5,27.5,0.3,0.4,62.9,7.0,1.6,0.5,0.3,0.8,0.4,0.6,-4.6,5,0,2,14.0,37.7,37.0
Raihan Rizky,Los Angeles Stars,C,9,82,0,9.3,7.3,3.6,5.7,62.9,0.1,0.3,23.1,0.1,0.2,53.8,5.2,0.9,0.0,0.1,0.8,0.2,0.3,5.9,1,0,1,37.6,63.5,63.6
Tom Underwood,Brooklyn Ballers,F,17,82,82,13.3,7.3,3.1,9.0,34.9,0.7,2.2,30.1,0.3,0.7,48.3,6.0,1.4,1.7,0.3,0.5,0.2,0.5,-3.8,0,0,0,20.3,39.1,38.6
Jamison Jay Lee,Utah Summit,C,1,82,82,14.7,7.3,3.2,7.4,43.8,0.5,1.6,28.7,0.4,0.5,72.5,9.4,1.7,0.2,0.3,1.2,0.3,0.4,3.5,4,0,3,25.7,47.9,46.9
Zachary Yates,Orlando Orbiters,G,11,82,40,12.0,7.2,3.2,8.0,39.4,0.5,2.2,24.3,0.4,0.5,77.5,1.5,0.3,0.1,0.1,0.2,0.2,0.6,-6.7,0,0,0,10.9,43.9,42.7
Xavier Sevenade,New York Empire,PF,5,82,46,11.1,7.2,3.0,6.4,47.6,0.8,1.9,40.3,0.4,0.4,97.1,3.4,0.4,0.0,0.8,1.4,0.3,0.4,7.8,0,0,1,29.0,55.3,53.7
Hawk Rosario,Los Angeles Stars,G,4,82,0,11.3,7.2,3.0,6.8,44.6,0.9,2.2,41.8,0.2,0.2,100,4.7,0.9,2.0,0.5,0.4,0.3,0.4,7.7,0,0,1,30.6,52.3,51.5
Barrett Schulz,Orlando Orbiters,C,15,82,82,22.2,7.2,3.3,11.7,28.6,0.3,1.8,17.9,0.2,0.7,28.1,8.5,2.0,0.9,0.4,0.9,0.4,0.5,-12.0,10,0,4,9.2,30.1,30.0
Kyron Hickman,San Francisco Quakes,G,7,82,82,14.4,7.2,2.9,7.6,38.0,1.1,2.7,39.8,0.3,0.3,100,3.0,0.7,6.2,0.5,0.6,0.3,0.4,3.7,2,0,6,29.8,46.2,45.0
Martin Wise,Brooklyn Ballers,G,16,82,82,14.1,7.2,3.1,8.9,34.6,0.9,3.0,29.1,0.1,0.5,23.8,2.0,0.8,4.9,0.3,0.2,0.3,0.5,-4.7,0,0,1,20.3,39.2,39.5
Louise Bain,Milwaukee Spartans,F,R,82,82,20.2,7.0,3.0,10.5,28.4,0.7,3.3,22.3,0.3,0.7,44.4,9.2,2.0,0.5,0.5,0.8,0.2,0.5,-12.2,13,0,4,11.6,32.5,32.0
Floyd Warren,Dallas Knights,G,2,78,78,17.5,7.0,2.7,9.0,30.5,1.2,4.1,28.0,0.3,0.5,70.3,5.8,1.0,0.4,0.9,0.5,0.3,0.6,-7.5,2,0,1,12.4,37.9,36.9
Pierre Brodeur,New Orleans Airmen,C,6,82,82,17.1,7.0,3.0,8.2,37.1,0.6,2.3,26.7,0.3,0.5,46.7,7.0,1.2,1.1,0.7,1.6,0.3,0.4,9.0,2,0,5,20.1,41.2,40.8
Mandawuy Aurallo,Phoenix Firebirds,C,4,82,1,10.1,6.9,3.3,6.4,51.0,0.2,0.9,21.3,0.1,0.3,45.8,5.6,1.2,1.0,0.4,1.0,0.1,0.2,4.6,4,0,3,36.3,52.6,52.6
Jeff Wise,Philadelphia Founders,G,20,82,25,13.1,6.9,2.8,8.7,32.6,0.9,3.0,29.8,0.3,0.5,61.5,1.1,0.3,0.0,0.2,0.1,0.3,0.6,-7.4,0,0,0,5.6,38.5,37.8
Felipe Santos,San Francisco Quakes,G,8,82,0,10.0,6.9,2.8,5.9,47.8,1.0,1.9,49.4,0.3,0.3,100,1.4,0.4,0.3,0.3,0.3,0.2,0.4,3.3,0,0,0,22.5,57.2,55.9
Alex Garza,Washington Agents,F,3,82,0,10.5,6.8,3.0,7.0,42.9,0.6,1.8,32.5,0.2,0.3,71.4,2.6,0.4,0.0,0.4,0.7,0.2,0.3,3.9,0,0,0,20.9,47.9,47.2
Stanley Cunningham,Oklahoma City Outlaws,G,7,66,66,17.0,6.8,2.9,8.3,35.5,0.5,1.7,30.0,0.4,0.7,60.9,3.3,0.8,1.0,1.0,0.9,0.3,0.4,-2.6,0,0,1,14.5,39.6,38.6
Lamar Rose,Denver Miners,G,R,82,21,10.3,6.8,3.0,6.6,45.4,0.5,1.6,34.1,0.3,0.4,58.3,2.4,0.7,2.3,0.1,0.1,0.2,0.5,0.3,0,0,3,26.1,49.9,49.4
Samuel James,Chicago Blues,F,8,82,15,10.1,6.7,2.9,6.5,44.8,0.8,2.0,38.0,0.2,0.2,100,2.5,0.5,0.2,0.3,0.2,0.1,0.3,3.3,0,0,0,21.6,51.4,50.7
Bart Jett,Atlanta Talons,C,2,82,82,14.3,6.7,3.1,6.7,46.5,0.3,1.3,21.1,0.1,0.3,41.7,7.5,1.2,1.0,0.4,1.4,0.2,0.5,8.0,6,0,0,25.8,48.5,48.6
Skylar Murphy,Phoenix Firebirds,F,2,82,53,12.4,6.7,2.8,6.4,42.8,0.8,2.1,39.9,0.3,0.3,92.6,4.8,0.9,0.4,0.5,0.6,0.2,0.3,2.6,0,0,2,23.1,50.6,49.3
Tom Perry,Toronto Towers,F,1,51,51,22.5,6.6,2.7,10.1,27.0,0.8,3.6,23.6,0.4,0.8,42.9,8.4,1.8,0.0,0.6,1.2,0.3,0.6,-8.5,4,0,6,9.1,31.8,31.2
Deandre Daniels,New York Empire,C,4,82,0,11.5,6.6,3.2,5.4,59.8,0.1,0.4,25.7,0.1,0.3,37.0,6.3,1.0,0.0,0.2,1.1,0.1,0.3,7.6,4,0,1,30.6,60.3,60.8
Erik Bailey,Milwaukee Spartans,G,R,82,61,15.0,6.6,2.7,8.0,33.5,0.9,2.7,32.9,0.3,0.6,57.4,3.9,0.9,1.0,0.6,0.3,0.2,0.5,-10.6,0,0,0,13.9,39.8,39.0
Scottie Thompson,Denver Miners,G,14,82,61,16.0,6.6,2.7,7.3,36.8,0.9,2.7,34.2,0.3,0.4,71.0,8.7,1.9,1.0,0.6,0.3,0.4,0.5,0.0,13,0,11,20.5,43.9,43.1
Ricky Hubbard,Orlando Orbiters,F,5,82,52,17.5,6.6,3.0,8.9,33.7,0.3,1.7,19.4,0.2,0.5,40.5,5.9,1.6,0.2,0.4,1.1,0.3,0.5,-8.9,6,0,3,11.8,35.8,35.6
Carlton Hollis,Indiana Overdrive,F,3,82,0,9.6,6.4,2.8,6.2,45.2,0.5,1.8,28.9,0.2,0.3,74.1,3.6,0.6,0.0,0.3,0.4,0.3,0.2,3.3,0,0,0,24.0,50.2,49.4
Gregory Ryan,San Antonio Sheriffs,F,6,82,82,21.9,6.4,2.9,9.5,30.5,0.3,1.9,14.4,0.3,0.6,50.0,9.4,2.3,0.4,0.5,1.2,0.4,0.6,-6.9,7,0,5,11.8,32.6,31.9
Cedric Hardwicke,Portland Roses,C,11,82,82,13.8,6.4,2.7,7.6,35.6,0.6,2.1,29.7,0.3,0.4,81.3,5.5,1.1,3.4,0.6,1.7,0.2,0.3,2.6,0,0,2,27.9,40.9,39.7
Jay Lyons,Detroit Drift,G,18,82,82,15.2,6.3,2.7,7.8,34.4,0.7,2.8,23.9,0.3,0.6,55.1,3.1,0.2,0.2,0.7,0.3,0.2,0.5,-5.0,0,0,0,9.9,39.5,38.7
Rodger Hofmann,Toronto Towers,F,12,82,82,14.2,6.3,2.8,8.2,33.6,0.6,2.2,26.1,0.2,0.4,51.7,5.7,1.4,1.0,0.4,1.1,0.2,0.5,-3.2,2,0,3,17.1,37.5,37.1
Tyler Moore,Denver Miners,C,10,82,42,9.3,6.2,3.1,5.5,55.9,0.1,0.3,20.0,0.0,0.1,16.7,4.8,0.9,0.0,0.1,0.5,0.2,0.2,-2.2,1,0,1,29.9,56.2,56.4
Oscar Edwards,Orlando Orbiters,F,11,82,82,15.4,6.2,2.8,8.2,34.0,0.4,1.9,22.6,0.2,0.4,47.1,7.5,1.7,0.6,0.4,0.9,0.2,0.6,-8.0,8,0,5,16.0,37.0,36.6
Victor Carson,Detroit Drift,C,8,82,82,16.0,6.2,2.9,7.8,37.3,0.2,1.4,14.3,0.2,0.4,46.7,9.7,2.5,4.0,0.4,0.9,0.2,0.5,-5.0,8,0,7,27.6,38.8,38.5
B.J. Vandeventer,Portland Roses,G,4,82,15,10.7,6.2,2.5,6.3,39.4,0.9,2.6,35.7,0.3,0.3,95.7,2.6,0.6,4.2,0.3,0.5,0.2,0.3,3.2,0,0,2,31.9,47.8,46.6
James Ridge,Chicago Blues,F,2,82,67,13.0,6.1,2.7,7.1,38.0,0.5,1.9,27.4,0.2,0.4,54.5,4.6,0.7,0.5,0.6,0.7,0.2,0.3,3.0,0,0,0,18.1,42.2,41.7
The Kryptonite,Los Angeles Stars,F,4,82,0,11.9,6.1,2.7,6.0,44.8,0.6,1.7,35.3,0.1,0.1,72.7,3.2,0.5,0.1,0.4,1.0,0.3,0.3,8.4,0,0,0,19.9,49.9,49.6
Damon Hayes,Minnesota Sabers,F,13,82,82,15.7,6.1,2.6,8.2,32.3,0.5,2.0,25.9,0.3,0.5,54.8,5.5,1.3,0.3,0.4,0.9,0.2,0.5,-4.1,2,0,3,12.1,36.2,35.5
Julius Carter,Denver Miners,F,7,82,12,10.3,6.0,2.9,5.4,53.5,0.2,0.8,20.9,0.1,0.3,34.6,3.9,0.8,0.0,0.6,0.6,0.1,0.3,1.4,0,0,0,26.6,54.7,55.1
Dan Young,Oklahoma City Outlaws,C,9,82,82,16.8,6.0,2.8,8.5,32.4,0.2,1.4,16.1,0.2,0.5,39.0,7.0,2.2,1.9,0.2,0.9,0.2,0.5,-3.6,1,0,1,15.8,34.1,33.8
Mark Gallagher,Minnesota Sabers,F,12,82,82,13.9,5.9,2.5,7.0,35.9,0.6,1.8,33.8,0.2,0.5,47.4,6.1,1.3,0.3,0.3,0.9,0.1,0.4,-2.1,2,0,0,17.1,40.6,40.2
Leonel Felicio,New Orleans Airmen,F,1,82,0,10.9,5.9,2.6,6.5,40.3,0.5,1.4,32.5,0.2,0.4,51.6,3.1,0.7,1.5,0.3,0.6,0.3,0.3,3.2,0,0,1,21.4,44.2,43.9
Tobias Di Pierri,Los Angeles Stars,SF,3,82,82,12.3,5.8,2.4,5.5,44.0,0.8,1.9,42.8,0.2,0.3,83.3,3.2,0.3,0.0,0.5,1.0,0.2,0.3,15.4,0,0,0,19.8,52.2,51.2
Calvin Hansen,Toronto Towers,C,11,82,54,12.8,5.8,2.7,7.2,38.1,0.1,1.0,12.7,0.2,0.5,46.5,6.3,1.6,1.1,0.5,0.9,0.2,0.3,-4.1,1,0,2,22.3,39.4,38.9
Michael Strickland,Philadelphia Founders,C,R,82,82,15.3,5.8,2.7,7.5,36.2,0.2,1.1,20.5,0.2,0.5,38.5,7.2,1.5,0.9,0.3,0.8,0.2,0.3,-5.8,4,0,0,16.9,37.8,37.6
Taog Gib,New York Empire,PG,3,43,34,12.4,5.8,2.4,6.1,39.0,0.8,2.4,34.3,0.2,0.2,100,2.9,0.7,5.5,0.6,0.5,0.2,0.3,9.4,0,0,0,31.4,46.6,45.8
Ronald Johnson,Miami Tides,G,7,82,25,11.9,5.7,2.5,6.3,39.2,0.7,2.0,33.1,0.2,0.3,56.5,1.3,0.2,0.0,0.3,0.2,0.2,0.4,-1.0,0,0,1,10.4,44.9,44.5
Terrence Franklin,Charlotte Stingers,F,7,82,82,23.6,5.7,2.6,10.3,25.4,0.3,1.8,18.8,0.2,0.5,33.3,8.7,2.2,0.3,0.5,1.2,0.4,0.6,-12.2,2,0,1,7.1,27.3,27.0
Leeroy Smith,Utah Summit,G,9,82,29,11.0,5.7,2.6,6.3,41.0,0.3,1.3,25.9,0.2,0.3,56.0,1.7,0.4,3.4,0.2,0.2,0.2,0.4,1.8,0,0,1,22.2,44.2,43.7
Johnnie Bradley,Miami Tides,F,16,82,22,12.6,5.7,2.4,7.6,31.7,0.6,1.9,29.5,0.3,0.4,63.9,4.0,1.0,0.4,0.2,0.5,0.3,0.5,-3.6,1,0,0,11.1,36.3,35.4
Ricky Wilcox,Memphis Rockers,F,20,82,70,11.5,5.6,2.4,7.6,32.0,0.5,1.9,28.9,0.2,0.5,47.5,4.3,1.1,0.6,0.2,0.5,0.2,0.4,-5.4,0,0,0,13.6,36.0,35.5
Casey Butler,Sacramento Royals,F,16,82,82,11.5,5.6,2.5,7.6,32.7,0.5,1.8,25.7,0.2,0.5,47.5,4.2,0.8,0.5,0.2,0.5,0.3,0.5,-6.9,0,0,0,11.8,36.2,35.7
Davion Oreo,New Orleans Airmen,C,1,82,20,6.9,5.6,2.6,4.9,52.8,0.3,1.0,32.9,0.1,0.2,50.0,2.7,0.5,0.0,0.0,0.4,0.1,0.3,3.4,0,0,1,29.6,56.1,56.0
Julio Blake,Brooklyn Ballers,C,4,82,82,16.6,5.6,2.6,7.2,36.2,0.2,1.0,19.8,0.2,0.4,43.3,6.7,1.4,0.3,0.3,0.8,0.3,0.4,-4.1,2,0,1,13.7,37.8,37.5
Nathan Mayhem,Washington Agents,F,3,82,0,9.7,5.6,2.5,6.4,39.5,0.4,1.6,21.5,0.2,0.3,59.3,2.3,0.3,0.0,0.4,0.7,0.1,0.2,4.2,0,0,0,16.8,42.8,42.3
Noel Stoner,Denver Miners,G,6,82,0,9.2,5.5,2.3,5.5,41.4,0.7,1.9,39.1,0.2,0.2,85.0,1.0,0.2,0.1,0.4,0.3,0.2,0.5,1.0,0,0,0,15.4,49.0,48.1
Radley Hatchett-Miles,Atlanta Talons,F,5,48,0,9.3,5.4,2.4,5.2,46.4,0.4,1.3,28.1,0.2,0.3,66.7,1.3,0.1,0.0,0.1,0.5,0.1,0.3,2.0,0,0,0,17.0,50.7,50.0
Adrien Russell,Washington Agents,F,2,82,82,12.8,5.4,2.4,6.8,34.8,0.4,1.8,21.9,0.2,0.3,66.7,4.6,0.8,0.2,0.6,1.0,0.2,0.4,4.9,0,0,1,15.7,38.5,37.8
Eddie Dale,New York Empire,C,11,82,82,12.2,5.2,2.5,5.1,49.2,0.1,0.5,28.6,0.0,0.2,20.0,7.0,1.4,0.1,0.8,1.4,0.1,0.3,7.1,1,0,3,27.7,50.0,50.6
Sami Lehtinen,Charlotte Stingers,F,16,82,82,11.5,5.2,2.3,6.2,37.1,0.5,1.7,27.0,0.1,0.3,47.6,5.1,1.2,0.3,0.2,0.6,0.1,0.4,-5.7,0,0,0,17.1,40.9,40.7
Semion Kazlauskiene,Philadelphia Founders,F,9,82,82,13.0,5.2,2.2,6.9,31.9,0.5,1.7,32.4,0.2,0.5,45.2,5.1,1.4,0.8,0.2,0.6,0.2,0.3,-5.7,0,0,0,14.4,36.3,35.8
Romain Parker Jr.,Indiana Overdrive,F,3,82,0,9.2,5.1,2.3,5.3,43.9,0.3,1.3,26.9,0.1,0.2,66.7,1.4,0.3,0.0,0.4,0.3,0.1,0.4,3.9,0,0,0,15.8,47.6,47.1
Harold Hart,Milwaukee Spartans,C,10,82,52,14.1,5.1,2.4,7.1,34.3,0.1,0.8,17.4,0.1,0.4,34.4,8.4,2.6,1.4,0.1,0.6,0.2,0.3,-8.9,6,0,3,19.9,35.4,35.3
Sir Shooter,San Francisco Quakes,C,2,82,0,9.3,5.0,2.1,5.1,40.7,0.7,1.9,37.5,0.2,0.2,89.5,5.1,0.9,0.1,0.1,0.6,0.1,0.1,2.3,1,0,2,24.3,48.7,47.6
Tshaka Zoulou,Chicago Blues,C,10,82,82,14.1,5.0,2.1,6.6,32.7,0.4,1.8,20.4,0.3,0.6,56.5,7.4,1.3,0.2,0.7,1.2,0.2,0.3,3.0,2,0,2,18.2,36.5,35.5
Marc Henry,Oklahoma City Outlaws,G,2,82,0,6.9,5.0,2.1,4.5,46.8,0.6,1.8,34.2,0.1,0.3,38.5,1.8,0.2,0.2,0.3,0.1,0.1,0.2,-1.5,0,0,0,24.8,53.4,53.6
Kenny Simon,Sacramento Royals,G,2,82,82,11.7,4.9,2.3,6.6,34.8,0.1,0.7,14.3,0.2,0.5,46.2,3.3,0.4,2.3,0.6,0.2,0.2,0.4,-6.1,0,0,0,16.4,36.1,35.5
Daryl Schroeder,Dallas Knights,G,1,82,39,12.3,4.9,2.1,5.9,35.4,0.5,1.6,29.5,0.2,0.3,75.0,3.2,0.5,1.6,0.5,0.3,0.2,0.5,-5.2,0,0,1,15.2,40.4,39.4
Justin Taylor,Portland Roses,F,6,82,0,9.1,4.8,2.3,4.5,51.6,0.2,0.7,22.8,0.1,0.2,33.3,3.8,0.7,0.0,0.4,0.7,0.2,0.2,3.2,0,0,0,25.6,53.1,53.4
Duane Jensen,Toronto Towers,C,19,82,28,11.6,4.8,2.2,6.9,31.8,0.3,1.1,24.4,0.1,0.4,36.4,5.8,1.4,0.6,0.2,0.6,0.1,0.3,-2.9,2,0,0,14.8,33.9,33.7
Karlo Lovric,Toronto Towers,G,4,82,0,7.3,4.8,2.2,4.2,51.7,0.4,1.3,29.4,0.0,0.0,66.7,1.1,0.2,0.6,0.3,0.1,0.1,0.2,-2.1,0,0,0,24.9,56.5,56.4
Kurt Morris,Dallas Knights,F,11,82,42,15.1,4.8,2.1,7.4,28.7,0.4,1.8,22.1,0.1,0.3,40.7,3.8,1.4,0.4,0.1,0.3,0.2,0.3,-8.3,1,0,0,6.5,31.7,31.4
Joe Henderson,Philadelphia Founders,F,R,82,33,14.0,4.6,2.1,7.0,30.5,0.2,1.2,16.2,0.1,0.3,33.3,5.6,1.1,0.6,0.1,0.8,0.2,0.3,-7.9,7,0,2,10.9,32.0,31.9
Aaron Fiedelak,Utah Summit,G,12,82,53,12.7,4.6,1.8,5.1,36.1,0.8,2.2,37.0,0.1,0.1,72.7,2.3,0.5,6.3,0.5,0.2,0.3,0.4,2.4,1,0,2,28.0,44.7,44.2
Renn Alex,Chicago Blues,G,2,82,0,11.0,4.5,1.9,5.7,33.1,0.5,1.8,26.0,0.3,0.4,78.1,3.6,0.9,3.7,0.3,0.4,0.2,0.3,1.6,0,0,1,24.0,38.8,37.3
Sergio Kitchens,Houston Cosmos,F,1,82,1,9.9,4.5,1.9,5.4,35.8,0.4,1.5,27.2,0.2,0.4,53.1,3.4,0.8,2.3,0.3,0.4,0.2,0.3,2.3,0,0,0,22.1,40.3,39.6
Modou Diop,Orlando Orbiters,G,R,82,0,8.2,4.4,2.1,5.0,42.4,0.1,0.5,21.6,0.1,0.2,78.6,1.8,0.3,2.2,0.2,0.2,0.1,0.2,-4.2,0,0,0,23.9,44.0,43.3
Randall Ta,Dallas Knights,C,8,52,4,10.3,4.4,2.1,4.9,42.4,0.1,0.7,16.7,0.1,0.3,29.4,4.9,1.0,0.5,0.3,0.7,0.1,0.2,1.0,0,0,0,20.9,43.2,43.5
Kerry Edwards,New Orleans Airmen,G,2,82,0,8.8,4.3,1.7,4.5,38.4,0.6,1.7,36.6,0.3,0.3,100,2.0,0.3,3.6,0.2,0.4,0.1,0.2,2.5,0,0,0,29.6,47.4,45.5
Vun Brunson,Portland Roses,G,8,82,0,9.5,4.3,1.7,4.8,35.4,0.7,1.9,36.6,0.2,0.3,72.7,2.2,0.5,4.8,0.4,0.4,0.2,0.3,3.0,0,0,2,31.1,43.5,42.5
Benji Phillips,Phoenix Firebirds,G,5,82,0,8.0,4.2,1.8,4.5,38.9,0.5,1.5,31.9,0.2,0.3,74.1,1.2,0.2,0.1,0.2,0.2,0.2,0.1,3.5,0,0,0,14.0,45.2,44.0
Riley Losleben,Chicago Blues,F,5,82,0,9.9,4.1,1.9,4.9,38.6,0.3,1.0,27.1,0.1,0.2,35.7,4.0,0.8,0.1,0.5,0.8,0.1,0.2,2.8,0,0,0,19.0,41.4,41.5
Ian Allison,San Antonio Sheriffs,F,2,82,82,13.5,4.1,1.7,5.9,29.2,0.5,1.9,25.2,0.1,0.3,46.2,5.8,1.0,0.5,0.4,0.8,0.2,0.3,-3.1,1,0,2,12.7,33.8,33.3
Shawn Decker,Detroit Drift,G,9,82,0,7.5,4.1,1.7,5.0,34.5,0.5,1.6,33.6,0.1,0.3,32.0,1.4,0.3,0.7,0.2,0.1,0.2,0.4,-1.4,0,0,0,12.4,39.8,39.9
Leo Lion,Phoenix Firebirds,G,1,82,0,9.0,4.0,1.7,4.6,36.9,0.6,1.7,36.0,0.1,0.1,66.7,1.7,0.3,2.6,0.1,0.3,0.2,0.2,3.1,0,0,0,21.5,43.9,43.6
Lee Gibbs,Toronto Towers,F,3,82,31,13.5,4.0,1.8,6.6,27.1,0.3,1.6,21.1,0.1,0.5,23.1,5.3,1.2,0.1,0.2,0.4,0.2,0.3,-2.5,3,0,1,7.1,29.5,29.7
Robert Dixon,Brooklyn Ballers,G,18,82,0,8.0,4.0,1.6,4.7,35.3,0.6,1.8,32.4,0.1,0.2,62.5,1.0,0.2,0.4,0.2,0.1,0.1,0.3,-0.7,0,0,0,11.1,42.0,41.5
Luigi Datome,Miami Tides,F,4,82,27,11.4,4.0,1.8,5.1,35.1,0.3,1.2,26.0,0.1,0.2,35.3,5.7,1.2,0.6,0.3,0.5,0.1,0.2,1.3,0,0,0,17.6,38.1,38.0
Steven Turner,Detroit Drift,C,8,82,0,8.3,4.0,1.9,3.9,49.8,0.1,0.5,12.2,0.0,0.2,25.0,3.9,1.1,1.9,0.1,0.4,0.1,0.3,-1.1,0,0,0,30.0,50.1,50.6
Pierre Saint,Sacramento Royals,F,10,82,0,8.5,3.9,1.7,5.1,32.9,0.4,1.4,27.0,0.2,0.3,56.5,3.3,0.6,0.1,0.2,0.5,0.2,0.3,-3.6,0,0,0,13.3,37.3,36.6
Khalil Mousa,San Antonio Sheriffs,G,R,82,0,7.2,3.9,1.8,4.8,37.8,0.2,0.7,24.1,0.1,0.3,40.0,1.4,0.3,0.0,0.4,0.1,0.1,0.2,-3.3,0,0,0,12.0,39.7,39.5
Timothy Phillips,Brooklyn Ballers,F,18,82,0,9.2,3.9,1.8,5.5,32.4,0.2,1.4,14.8,0.1,0.3,47.6,3.6,0.8,0.3,0.2,0.4,0.2,0.3,-3.0,0,0,0,12.2,34.7,34.3
Arthur Hogan,Cleveland Gladiators,C,19,48,13,10.7,3.9,1.7,5.7,29.4,0.3,1.0,26.5,0.3,0.4,70.6,5.5,1.5,0.9,0.2,0.3,0.3,0.2,-7.7,0,0,1,15.5,33.1,31.8
Casey Lowery,San Francisco Quakes,F,1,82,0,8.0,3.8,1.7,4.4,38.1,0.4,1.2,29.4,0.1,0.2,66.7,2.5,0.6,0.3,0.2,0.5,0.1,0.2,3.2,0,0,0,17.6,43.0,42.3
Jarred Anderson,New Orleans Airmen,G,6,82,0,8.8,3.8,1.5,4.1,37.9,0.5,1.4,33.9,0.2,0.4,60.0,1.9,0.4,1.8,0.4,0.2,0.2,0.2,2.2,0,0,0,20.1,44.8,43.9
Tristen Ewer,Miami Tides,F,8,82,0,8.2,3.8,1.7,4.7,36.8,0.2,1.1,17.4,0.1,0.2,47.4,1.5,0.3,0.0,0.2,0.5,0.2,0.2,-0.2,0,0,0,10.8,39.1,38.8
Jake Robinson,San Francisco Quakes,G,4,82,0,8.9,3.8,1.5,4.3,36.1,0.5,1.5,31.5,0.2,0.3,75.0,1.7,0.2,4.0,0.3,0.3,0.2,0.2,3.5,0,0,0,27.0,42.9,41.6
Bobby Bob,Chicago Blues,C,2,82,0,5.5,3.8,1.8,3.4,51.1,0.1,0.6,18.4,0.1,0.3,52.4,2.3,0.5,0.0,0.1,0.3,0.0,0.1,2.6,0,0,0,27.8,52.9,52.7
Stephen Joseph,Orlando Orbiters,F,3,82,26,12.2,3.8,1.6,5.4,30.3,0.4,1.9,20.9,0.1,0.2,40.0,4.8,0.7,0.1,0.1,0.6,0.2,0.3,-7.8,3,0,2,9.7,34.2,33.9
Jared Mantha,Milwaukee Spartans,C,16,85,30,11.1,3.7,1.7,5.2,33.5,0.2,0.6,27.7,0.1,0.3,37.5,6.5,1.6,0.9,0.2,0.6,0.2,0.2,-3.7,3,0,1,18.3,35.1,35.0
Brandon Billy,Indiana Overdrive,G,3,82,19,9.7,3.7,1.4,4.0,36.1,0.6,1.8,31.8,0.3,0.3,91.3,2.1,0.5,4.4,0.3,0.1,0.2,0.3,3.6,0,0,1,26.6,45.3,43.5
Gui Costa,Indiana Overdrive,C,1,82,0,10.3,3.7,1.6,4.5,34.9,0.3,1.1,29.0,0.2,0.2,68.4,6.0,1.0,0.3,0.2,0.8,0.1,0.1,3.3,0,0,0,19.3,39.4,38.6
Jexx Uzamaki,Denver Miners,F,3,82,0,8.7,3.6,1.5,4.7,32.5,0.5,1.5,29.6,0.1,0.3,54.5,3.7,0.7,0.3,0.3,0.5,0.1,0.3,0.8,0,0,0,14.7,37.9,37.3
Pierre Faure,Cleveland Gladiators,F,R,82,37,14.9,3.6,1.6,6.0,26.9,0.3,1.5,19.3,0.1,0.3,25.9,6.5,1.6,0.5,0.2,0.8,0.2,0.3,-7.0,4,0,2,10.2,29.2,29.2
Willie Mathis,Milwaukee Spartans,G,12,82,0,7.0,3.6,1.5,4.6,32.0,0.6,1.7,33.1,0.1,0.2,53.3,1.1,0.3,0.0,0.2,0.1,0.1,0.2,-3.3,0,0,0,8.3,38.7,38.3
Collin Adams,Portland Roses,F,5,82,0,8.8,3.6,1.6,4.2,37.9,0.3,1.1,22.8,0.1,0.2,55.0,3.6,0.7,0.3,0.2,0.4,0.1,0.2,2.2,0,0,0,16.1,41.5,41.0
Jeff Austin,Memphis Rockers,G,7,82,25,11.5,3.5,1.4,4.6,30.2,0.6,1.7,34.3,0.2,0.4,43.3,3.4,0.2,0.4,0.3,0.4,0.2,0.2,-5.5,0,0,1,9.4,36.8,36.4
Kent Fowler,Philadelphia Founders,F,10,82,22,11.7,3.5,1.6,5.5,28.2,0.3,1.3,23.8,0.1,0.3,33.3,4.7,1.0,0.1,0.2,0.3,0.2,0.3,-5.6,2,0,0,8.4,31.1,30.9
Calvin Robbins,Houston Cosmos,G,9,82,12,9.7,3.5,1.4,4.5,31.3,0.6,2.4,25.9,0.1,0.3,33.3,2.3,0.3,0.0,0.2,0.4,0.2,0.3,-0.8,0,0,0,8.3,38.0,38.0
Victor Rowe,Sacramento Royals,G,3,82,0,7.8,3.5,1.5,4.5,34.3,0.3,1.1,30.3,0.1,0.2,50.0,1.2,0.2,0.0,0.2,0.2,0.2,0.3,-4.2,0,0,0,7.5,38.3,38.0
Bobby Jones,San Diego Surf,F,2,82,0,8.8,3.5,1.4,4.2,33.6,0.4,1.4,31.3,0.2,0.3,76.2,2.9,0.7,0.0,0.4,0.4,0.2,0.1,3.5,0,0,0,14.4,40.1,38.8
Anthony Flores,Boston Charms,G,7,82,0,9.2,3.4,1.3,4.1,31.8,0.5,1.5,33.3,0.3,0.4,66.7,1.8,0.4,4.3,0.5,0.3,0.2,0.3,1.4,1,0,0,25.9,39.3,37.8
Leroy Moran,Charlotte Stingers,G,3,82,0,6.6,3.4,1.6,3.7,42.5,0.1,0.4,17.1,0.1,0.2,66.7,1.2,0.1,0.0,0.2,0.1,0.1,0.3,-3.0,0,0,0,12.3,44.1,43.5
Delbert Hoffmann,Memphis Rockers,C,9,82,0,8.4,3.3,1.5,4.8,32.2,0.1,0.8,14.3,0.1,0.3,40.7,4.8,1.0,0.2,0.2,0.3,0.1,0.2,-5.2,0,0,0,15.0,33.8,33.4
Darren Garner,San Antonio Sheriffs,G,13,82,0,6.7,3.1,1.3,3.8,34.8,0.4,1.2,32.7,0.1,0.2,50.0,0.8,0.2,0.1,0.2,0.1,0.1,0.2,-2.5,0,0,0,9.0,40.5,40.2
Monte Ice,Utah Summit,G,3,82,0,7.4,3.1,1.2,3.1,37.6,0.5,1.3,38.1,0.2,0.3,87.0,1.6,0.3,2.1,0.2,0.1,0.2,0.1,0.4,0,0,0,22.5,47.5,45.5
Lance Horton,Philadelphia Founders,C,4,82,15,7.5,3.0,1.4,4.0,36.0,0.1,0.5,15.4,0.1,0.2,50.0,3.8,0.2,0.0,0.1,0.1,0.1,0.3,-5.6,1,0,0,11.0,37.4,36.9
Lionel Harvey,Dallas Knights,G,11,82,4,7.4,3.0,1.3,3.8,33.4,0.3,1.3,24.3,0.1,0.3,45.8,1.1,0.3,0.0,0.3,0.2,0.1,0.3,-3.2,0,0,0,8.5,38.1,37.6
Shawn Watts,Milwaukee Spartans,F,R,82,0,7.3,3.0,1.3,4.3,30.1,0.2,1.3,19.0,0.1,0.3,52.4,2.3,0.5,0.4,0.2,0.3,0.1,0.2,-4.4,0,0,0,10.9,33.5,32.9
Kenny Bennet,Houston Cosmos,F,R,82,0,9.1,3.0,1.4,3.4,41.6,0.1,0.4,14.7,0.0,0.1,37.5,5.2,1.1,0.1,0.6,1.0,0.2,0.2,2.8,0,0,0,23.5,42.5,42.5
Hubert Daniel,Memphis Rockers,F,2,82,0,6.8,2.9,1.2,3.6,34.7,0.4,1.4,27.7,0.1,0.2,42.9,2.6,0.2,0.2,0.1,0.2,0.1,0.1,-2.9,0,0,0,14.2,40.1,40.0
Andrew Heldt,Washington Agents,G,6,82,0,6.8,2.9,1.1,3.2,34.5,0.4,1.4,29.2,0.2,0.3,83.3,1.5,0.3,1.9,0.3,0.2,0.1,0.3,2.7,0,0,0,21.3,42.8,40.7
Luke Connolly,Cleveland Gladiators,G,1,82,5,7.2,2.9,1.3,3.6,35.7,0.3,1.0,25.3,0.0,0.1,60.0,3.3,0.5,0.0,0.1,0.1,0.1,0.1,-3.5,0,0,0,13.3,39.5,39.3
Donovan Lewis,Houston Cosmos,C,1,82,0,5.5,2.8,1.3,2.7,49.1,0.1,0.5,25.0,0.0,0.1,33.3,2.5,0.5,0.2,0.1,0.4,0.1,0.1,1.2,0,0,0,25.1,51.1,51.4
Jay Barron,Oklahoma City Outlaws,F,8,82,0,6.8,2.8,1.1,3.3,33.8,0.5,1.7,26.4,0.1,0.1,58.3,2.5,0.4,0.0,0.1,0.1,0.1,0.1,-1.9,1,0,0,12.4,41.1,40.6
James Murray,Utah Summit,C,2,82,0,5.4,2.8,1.3,3.0,42.2,0.1,0.8,16.7,0.1,0.2,64.3,2.3,0.4,0.0,0.1,0.3,0.1,0.2,0.6,0,0,0,19.0,45.2,44.5
Alejandro Rodriguez,Charlotte Stingers,G,16,82,0,6.6,2.7,1.1,3.8,29.9,0.3,1.3,25.9,0.2,0.3,61.9,1.5,0.2,0.6,0.2,0.1,0.1,0.2,-3.3,0,0,0,9.5,35.5,34.4
Hazan Allen,Boston Charms,C,4,82,0,4.8,2.7,1.3,2.9,45.5,0.1,0.5,19.0,0.0,0.1,28.6,2.7,0.6,0.1,0.1,0.2,0.0,0.1,1.9,0,0,0,25.2,47.0,47.2
Zack Shaw,Cleveland Gladiators,G,18,82,0,7.2,2.6,1.1,3.1,35.4,0.3,1.1,25.0,0.2,0.2,68.4,1.2,0.1,0.1,0.3,0.1,0.1,0.1,-4.6,0,0,0,9.5,41.2,40.0
Clement Hamel,New York Empire,F,6,82,0,8.0,2.5,1.1,3.5,32.6,0.1,0.5,26.3,0.1,0.3,36.0,2.5,0.4,2.5,0.4,0.8,0.1,0.1,5.1,0,0,0,24.1,34.6,34.4
Alexander Leonard,Minnesota Sabers,F,R,82,0,7.4,2.5,1.1,3.9,28.9,0.2,1.0,16.5,0.1,0.2,47.1,1.9,0.7,0.1,0.1,0.2,0.2,0.2,-2.1,0,0,0,6.4,31.6,31.1
Edwin Bailey,Sacramento Royals,F,18,82,0,6.5,2.5,1.1,3.5,31.8,0.2,0.9,20.8,0.1,0.2,61.5,1.9,0.3,0.0,0.1,0.2,0.1,0.2,-4.1,0,0,0,7.2,35.2,34.5
Simon Harvey,Cleveland Gladiators,F,5,53,0,6.6,2.5,1.1,3.4,32.2,0.3,1.0,25.5,0.0,0.1,25.0,2.3,0.6,0.4,0.0,0.1,0.1,0.2,-3.3,0,0,0,11.0,36.0,36.1
Dino Nugget,Los Angeles Stars,PF,1,82,0,8.7,2.4,1.2,3.1,38.1,0.1,0.2,29.4,0.0,0.1,40.0,2.2,0.4,0.1,0.3,0.8,0.2,0.1,4.8,0,0,0,12.6,39.1,39.1
Kelly Sherman,Oklahoma City Outlaws,F,9,82,0,7.7,2.4,1.2,3.9,29.5,0.0,0.4,5.7,0.1,0.2,43.8,3.2,0.8,0.2,0.1,0.2,0.1,0.3,-2.5,0,0,0,7.9,30.2,29.8
Lyle Brewer,Oklahoma City Outlaws,C,9,82,0,7.5,2.4,1.1,3.5,31.2,0.1,0.5,27.9,0.0,0.1,44.4,3.2,1.0,0.1,0.1,0.3,0.1,0.1,-2.1,0,0,0,12.0,33.6,33.3
Jason Perron,Dallas Knights,C,14,82,18,8.3,2.3,1.1,3.4,32.0,0.1,0.4,16.1,0.1,0.2,43.8,3.9,0.8,0.3,0.1,0.3,0.2,0.1,-1.9,1,0,0,12.1,33.3,32.9
Samuel Pacheco,Washington Agents,C,R,82,0,9.1,2.3,1.0,3.1,33.5,0.1,0.4,21.9,0.1,0.2,53.3,4.7,1.0,0.6,0.3,1.0,0.1,0.1,2.5,0,0,0,19.5,35.5,34.8
Daws 20,San Francisco Quakes,F,7,82,0,7.9,2.3,1.0,3.3,29.7,0.3,0.9,30.0,0.0,0.1,60.0,2.3,0.5,1.2,0.4,0.8,0.2,0.1,2.9,0,0,0,17.1,33.8,33.5
Ricky Jiggs,New Orleans Airmen,C,5,82,0,5.9,2.2,1.0,2.8,37.9,0.0,0.5,10.0,0.1,0.2,46.2,3.2,0.7,0.2,0.2,0.5,0.1,0.1,2.1,0,0,0,20.4,39.1,38.8
Larry Roberson,Minnesota Sabers,F,15,82,0,8.0,2.2,0.9,3.6,25.3,0.2,0.9,20.0,0.2,0.3,48.1,2.8,0.7,0.4,0.2,0.3,0.2,0.2,-2.2,0,0,0,8.1,28.8,27.8
Jaime Davenport,Oklahoma City Outlaws,G,R,82,16,8.3,2.1,0.9,3.4,27.3,0.2,0.8,19.1,0.1,0.1,50.0,1.6,0.4,0.8,0.1,0.2,0.1,0.1,-3.9,0,0,0,7.0,30.2,29.7
Pippy Big Pippy,Boston Charms,C,4,82,0,5.6,2.1,0.8,2.5,34.0,0.3,1.0,32.9,0.1,0.1,85.7,3.2,0.9,0.0,0.1,0.4,0.1,0.1,1.2,1,0,0,19.4,41.2,40.4
Leonard Davenport,Brooklyn Ballers,G,1,82,0,6.5,2.0,1.0,3.0,32.2,0.0,0.4,9.7,0.1,0.2,53.8,1.0,0.2,0.4,0.2,0.2,0.1,0.2,-4.1,0,0,0,6.5,33.5,32.9
Jaga C,Chicago Blues,C,10,82,0,4.7,2.0,0.9,2.0,44.8,0.1,0.5,32.4,0.1,0.1,50.0,2.3,0.4,0.0,0.1,0.5,0.0,0.0,0.3,0,0,0,22.9,48.7,48.5
Harry Heath,Charlotte Stingers,C,10,82,0,7.2,2.0,0.9,2.9,31.9,0.0,0.4,13.8,0.1,0.2,46.7,3.8,0.8,0.1,0.1,0.4,0.1,0.1,-3.1,0,0,0,13.5,33.3,32.8
Dami Lee Pittman Jr.,Atlanta Talons,C,3,82,0,5.5,1.9,0.8,2.9,28.3,0.2,0.9,23.4,0.0,0.0,100,2.0,0.4,1.1,0.1,0.1,0.1,0.2,1.2,0,0,0,14.3,32.7,32.1
Christian Kirk,Memphis Rockers,F,1,82,0,5.7,1.9,0.9,2.9,29.4,0.1,0.4,19.4,0.1,0.2,50.0,1.0,0.1,0.0,0.1,0.4,0.1,0.2,-3.8,0,0,0,5.4,31.8,30.9
Brieuc Massicard,Los Angeles Stars,PG,6,82,0,4.0,1.9,0.8,2.2,34.1,0.3,0.8,34.3,0.1,0.1,90.0,0.6,0.1,2.9,0.1,0.0,0.1,0.1,0.7,0,0,0,35.3,41.8,40.4
Bennie Schroder,Detroit Drift,G,R,82,0,5.5,1.9,0.9,2.7,33.0,0.0,0.3,8.3,0.0,0.1,28.6,0.6,0.1,0.6,0.1,0.1,0.1,0.2,-0.8,0,0,0,6.9,33.5,33.5
Matej Kolar,Orlando Orbiters,G,3,82,0,6.3,1.7,0.8,2.6,28.6,0.1,0.5,27.3,0.0,0.1,44.4,1.7,0.4,0.9,0.1,0.1,0.1,0.2,-3.3,0,0,0,10.1,31.7,31.3
Joel Hammond,Brooklyn Ballers,C,R,82,0,7.5,1.7,0.8,2.9,27.7,0.1,0.4,14.7,0.0,0.2,30.8,4.3,0.7,0.0,0.1,0.4,0.1,0.1,-3.3,0,0,0,11.3,28.9,28.7
Nathan Korst,Atlanta Talons,C,4,82,0,4.4,1.7,0.7,1.9,37.2,0.2,0.6,32.7,0.1,0.1,62.5,1.6,0.3,0.3,0.1,0.4,0.1,0.1,2.0,0,0,0,18.8,43.3,42.6
Edgar Bryan,Charlotte Stingers,F,3,82,0,6.1,1.7,0.8,3.1,25.9,0.0,0.4,13.3,0.0,0.1,37.5,2.9,0.7,0.0,0.1,0.3,0.1,0.1,-3.8,0,0,0,8.8,26.9,26.7
Alex Sinclair,Washington Agents,G,14,82,0,8.1,1.6,0.7,2.6,26.1,0.2,1.0,22.8,0.1,0.1,70.0,1.8,0.4,1.5,0.6,1.3,0.2,0.2,2.4,0,0,0,19.6,31.3,30.3
Jamie Woods,Philadelphia Founders,C,8,82,0,6.2,1.6,0.7,2.3,31.6,0.1,0.6,26.1,0.0,0.0,75.0,3.4,0.7,0.1,0.0,0.2,0.1,0.0,-2.8,1,0,0,13.4,35.2,34.7
Andre Houston,Dallas Knights,C,R,82,3,6.2,1.6,0.8,2.3,33.7,0.0,0.3,16.7,0.1,0.2,29.4,3.5,0.8,0.0,0.2,0.2,0.1,0.2,-2.7,1,0,0,14.5,34.7,34.8
Antonio Barker,San Antonio Sheriffs,F,R,82,0,6.8,1.6,0.7,3.2,22.6,0.1,0.9,15.3,0.0,0.1,28.6,1.8,0.4,0.2,0.1,0.2,0.1,0.2,-3.7,0,0,0,2.8,24.8,24.7
Frederick Roberts,San Antonio Sheriffs,F,4,79,0,5.6,1.6,0.7,2.4,28.5,0.1,0.7,17.3,0.1,0.2,50.0,2.2,0.3,0.0,0.2,0.2,0.2,0.2,-2.2,0,0,0,8.0,31.6,30.8
Beef Supreme,Houston Cosmos,C,5,82,0,4.5,1.6,0.7,2.1,33.1,0.2,0.7,21.3,0.0,0.1,42.9,1.4,0.3,0.2,0.0,0.4,0.0,0.1,0.8,0,0,0,12.7,37.1,36.9
Karl Lawson,Sacramento Royals,G,2,82,0,5.8,1.5,0.7,2.9,22.8,0.1,0.8,18.5,0.1,0.1,45.5,1.3,0.5,1.2,0.1,0.1,0.1,0.2,-5.0,0,0,0,8.4,25.8,25.3
Piotr Vesely,San Diego Surf,F,8,82,0,8.1,1.5,0.7,2.5,26.9,0.1,0.4,22.6,0.1,0.2,46.7,1.7,0.3,0.5,0.4,1.0,0.1,0.2,4.2,0,0,0,11.8,29.4,28.6
Mitchell Graves,Philadelphia Founders,C,3,79,0,6.2,1.5,0.6,2.4,27.0,0.1,0.4,29.4,0.1,0.1,66.7,3.7,1.0,0.0,0.1,0.2,0.1,0.1,-4.2,0,0,0,12.6,30.3,29.6
Martin Chapman,Charlotte Stingers,F,4,82,0,6.2,1.5,0.7,2.4,27.4,0.1,0.4,21.2,0.1,0.1,71.4,1.7,0.7,0.2,0.1,0.1,0.1,0.2,-2.8,0,0,0,7.1,30.0,29.2
Felix Carson,Minnesota Sabers,C,3,82,0,7.3,1.4,0.6,2.1,30.2,0.1,0.3,26.9,0.0,0.1,33.3,3.3,0.8,0.5,0.1,0.3,0.1,0.1,-1.0,0,0,0,12.7,32.4,32.3
Dave Townsend,Sacramento Royals,C,6,82,0,6.5,1.3,0.6,2.0,28.2,0.1,0.5,22.0,0.1,0.2,31.3,2.9,0.3,0.0,0.1,0.2,0.1,0.1,-4.1,0,0,0,8.7,31.2,31.0
Jared Pearson,Toronto Towers,F,6,82,0,5.9,1.3,0.5,2.6,19.5,0.2,1.0,23.3,0.0,0.1,40.0,1.2,0.5,0.0,0.1,0.3,0.1,0.1,-2.5,0,0,0,3.2,24.5,24.3
Tyrone Jackson,Utah Summit,C,14,82,0,4.3,1.3,0.6,1.9,29.6,0.1,0.7,12.7,0.0,0.0,66.7,1.4,0.2,0.1,0.2,0.2,0.1,0.1,0.4,0,0,0,9.7,32.1,31.8
Connor Coburn,Memphis Rockers,G,R,82,0,5.4,1.2,0.6,2.0,29.7,0.0,0.4,9.1,0.0,0.0,50.0,0.8,0.4,1.3,0.1,0.1,0.1,0.1,-3.5,0,0,0,12.5,30.7,30.6
Johnny Hicks,Detroit Drift,F,3,82,0,5.7,1.2,0.6,1.9,29.6,0.0,0.4,10.0,0.0,0.1,33.3,2.4,0.2,0.0,0.1,0.2,0.1,0.1,-1.9,0,0,0,7.4,30.7,30.5
Mario Warren,Minnesota Sabers,F,3,82,0,5.6,1.2,0.5,1.9,28.2,0.1,0.4,22.2,0.0,0.0,66.7,1.4,0.5,0.3,0.1,0.1,0.1,0.0,-1.9,0,0,0,8.0,31.1,30.8
Arnold Norman,Brooklyn Ballers,F,3,82,0,5.9,1.2,0.5,1.8,27.6,0.1,0.5,12.2,0.1,0.2,66.7,1.4,0.5,0.1,0.1,0.4,0.2,0.1,-2.6,0,0,0,8.1,31.7,29.3
John Young,Philadelphia Founders,F,2,82,0,4.3,1.1,0.5,1.8,27.7,0.1,0.4,23.3,0.0,0.1,28.6,0.9,0.4,0.0,0.0,0.2,0.0,0.1,-1.5,0,0,0,5.7,30.1,30.1
Jean-Pierre Girard,San Antonio Sheriffs,F,9,82,0,4.3,1.1,0.5,1.7,30.7,0.1,0.4,17.2,0.0,0.0,0.0,1.3,0.1,0.3,0.0,0.0,0.1,0.1,-1.8,0,0,0,7.1,32.2,32.5
Dana Allen,Detroit Drift,F,1,82,0,4.9,1.1,0.5,1.5,30.6,0.1,0.3,47.6,0.0,0.1,30.0,1.8,0.1,0.0,0.0,0.2,0.0,0.1,-1.0,0,0,0,7.9,34.7,34.7
